entity_type,entity_id,metric,value
RESOURCE,AMR01,route_id,R1
RESOURCE,AMR01,status,idle
RESOURCE,AMR01,battery_pct,22.7
RESOURCE,AMR01,available,1
RESOURCE,AMR02,route_id,R1
RESOURCE,AMR02,status,busy
RESOURCE,AMR02,battery_pct,23.4
RESOURCE,AMR02,available,1
RESOURCE,AMR03,route_id,R1
RESOURCE,AMR03,status,busy
RESOURCE,AMR03,battery_pct,35.4
RESOURCE,AMR03,available,1
RESOURCE,AMR04,route_id,R2
RESOURCE,AMR04,status,idle
RESOURCE,AMR04,battery_pct,23.8
RESOURCE,AMR04,available,1
RESOURCE,AMR05,route_id,R2
RESOURCE,AMR05,status,busy
RESOURCE,AMR05,battery_pct,33.1
RESOURCE,AMR05,available,1
BUFFER,MAT_A,current_level_totes,21.656
BUFFER,MAT_A,fill_ratio,0.7734
BUFFER,MAT_B,current_level_totes,17.656
BUFFER,MAT_B,fill_ratio,0.7357
ROUTE,R1,queue_end_totes,3.335
ROUTE,R1,dcr,1.0421
ROUTE,R1,utilization,1.25
ROUTE,R2,queue_end_totes,0
ROUTE,R2,dcr,0.3296
ROUTE,R2,utilization,0.3296
