source,url,what_it_shows,how_used_in_synthetic_data
Bosch Production Line Performance,https://www.kaggle.com/c/bosch-production-line-performance/data,Automotive-component manufacturing data are organized by production line/station and include timestamped measurements with substantial sparsity/missingness.,Used for station/process/timestamp structure and realistic raw-data imperfections; no Bosch values copied.
SECOM (UCI),https://archive.ics.uci.edu/dataset/179/secom,"Real manufacturing process data contain many sensor/process variables, noise and missing values.",Used to justify a raw layer with missing values plus a separate cleaned/model-ready layer.
ROHTO single-loop AGV study,https://link.springer.com/article/10.1007/s13160-026-00807-9,"Actual factory AGV logs contain job timestamps, origins/destinations and pallet IDs; 4–5 vehicles run simultaneously and vehicle interference matters.","Used to anchor 5 AMRs, event-level transport jobs, route/resource logic and interference-aware capacity."
Schneider Electric Elda AMR simulation dataset,https://repod.icm.edu.pl/dataset.xhtml?persistentId=doi:10.18150/0OSXEQ,"DES exports AMR loaded/empty travel, load/unload, charge/idle states, distance, throughput, station states, route/speed and stress scenarios.","Used to structure telemetry/trip fields, charging cases, stochastic handling and throughput/state logs."
Schneider Electric Elda AMR feasibility study,https://www.mdpi.com/2076-3417/16/19/9669,Nominal AMR utilization is about 59%; production surges and stochastic handling shrink reserve and create waiting.,"Used as a sanity anchor for normal reserve and overload behavior, not as copied plant parameters."
Automotive intralogistics DES/AGV study,https://link.springer.com/article/10.1007/s00170-026-18039-z,Automotive material-supply simulation reports a feasible optimized AGV utilization around 67%.,Used as a second sanity anchor for normal target utilization roughly 55–75%.
Milk-Run 4.0 (TUM),https://www.mec.ed.tum.de/en/fml/research/2020/milk-run-40-planning-of-dynamic-networked-milk-run-systems/,"Transport demand fluctuates with product mix/program changes, container ranges and demand-trigger delays.","Used to create shift/day/product-mix seasonality, demand spikes and replenishment noise."
Assembly line feeding dataset,https://data.mendeley.com/datasets/tjfdttxvd5/1,"Industrial-style synthetic assembly instances include delivery frequencies, processing requirements, distances and feeding policies.","Used to justify combining distance, frequency, process time, buffers and replenishment variables."
Integrated production & internal logistics benchmark,https://data.mendeley.com/datasets/sp6g4v654r/1,"Benchmarks vary production scale, AGV fleet size, layouts and bottleneck settings; original industrial data are confidential.",Used to justify multi-scenario synthetic benchmarking instead of claiming DENSO-specific ground truth.
